ds,real,yhat,yhat_lower,yhat_upper,residuo
2024-05-08,1925.0,1836.5550019956938,482.1926020990278,3249.2868962401412,88.44499800430617
2024-05-09,1107.0,1691.4733277534503,263.48259757624226,3004.357562361984,-584.4733277534503
2024-05-10,1864.0,1687.7977730898897,380.76490494651193,3289.7928213044556,176.2022269101103
2024-05-11,1835.6,1171.5091826401697,-223.46822826253072,2574.612015445709,664.0908173598302
2024-05-13,2023.0,2091.031236147046,720.556461231765,3394.667013571877,-68.031236147046
2024-05-14,1796.0,1917.6671604009866,452.33680368589484,3243.996822990951,-121.66716040098663
2024-05-15,1425.0,1766.5881768517147,476.0830670406732,3139.1981231269633,-341.5881768517147
2024-05-16,1794.6,1565.3024580776546,198.03028555648424,2911.518737967613,229.29754192234532
2024-05-17,1830.5,1481.9068262525514,1.6401372298164343,2833.2321725588945,348.59317374744865
2024-05-18,1253.5,889.8825984926983,-442.79001326225745,2363.1691148335594,363.6174015073017
2024-05-20,1990.0,1791.0044629015415,418.9968203062901,3192.9366211610154,198.9955370984585
2024-05-21,888.0,1689.7615475458917,286.063661889104,3070.1267046081275,-801.7615475458917
2024-05-22,979.8,1629.5906945952356,286.529317733922,3018.331411689249,-649.7906945952357
2024-05-23,1655.0,1503.7500702331133,6.7317029441024685,2995.1383927862425,151.24992976688668
2024-05-24,1036.0,1463.4133624066353,36.73281254522324,2811.204762770943,-427.4133624066353
2024-05-25,738.5,889.4305861326463,-589.4253064568683,2321.555591262024,-150.93058613264634
2024-05-27,2304.9,1817.1021992335102,403.87788313238156,3232.683767575717,487.7978007664899
2024-05-28,568.4,1745.0069974016926,397.544423310787,3107.668991295691,-1176.6069974016928
2024-05-29,1392.0,1718.2255923431865,341.7423437476439,3161.93063670217,-326.22559234318646
2024-05-31,1859.0,1603.6193467787684,286.71156466983246,2992.210301230657,255.38065322123157
2024-06-01,1036.0,1045.4170206157316,-244.80159092836456,2481.7622266446574,-9.417020615731644
2024-06-03,1991.0,1994.8197985919558,666.3787195849234,3255.7564547680763,-3.8197985919557595
2024-06-04,904.5,1943.0638912470574,556.869917408117,3234.2432373485003,-1038.5638912470574
2024-06-05,1966.0,1951.5658670617613,628.4536985160048,3382.3799412553767,14.43413293823869
2024-06-06,1347.5,1906.941268877746,494.64422555348483,3294.1399711028057,-559.4412688777461
2024-06-07,829.5,1946.2576816801989,624.1782589372511,3275.966605679607,-1116.7576816801989
2024-06-08,587.0,1434.389390907421,36.367208897453715,2867.6775133605756,-847.3893909074211
2024-06-10,1510.5,2381.4544019257723,1011.062858901183,3702.2034492347657,-870.9544019257723
2024-06-11,2115.5,2292.08585490413,970.7846347426408,3750.5540770492244,-176.58585490412997
2024-06-12,2135.0,2259.964181471659,815.0767683531981,3651.548156949875,-124.96418147165878
2024-06-13,1710.0,2179.6250391503,867.9149688040018,3541.3104269824007,-469.6250391502999
2024-06-14,1584.0,2178.2887870243417,737.1091553236679,3644.6344363922203,-594.2887870243417
2024-06-15,1006.7,1603.7418469932898,213.4498755785909,3027.5800029962943,-597.0418469932897
2024-06-17,2588.5,2346.056021458157,957.7496802006684,3754.4401500527288,242.44397854184308
2024-06-18,1172.5,2166.4662629782706,818.7738120507648,3448.7746498857887,-993.9662629782706
2024-06-19,2702.0,2093.7165881271853,648.589698358315,3440.8616257730846,608.2834118728147
2024-06-20,1398.0,2029.6020630205987,635.7833771535177,3412.706052529584,-631.6020630205987
2024-06-21,225.0,2079.561238444308,714.964373605737,3472.294513861284,-1854.561238444308
2024-06-22,1653.0,1556.97122180218,287.60510068192156,2985.971534822392,96.02877819781997
2024-06-24,1750.5,2315.2148387911584,832.8491684936928,3684.3149675622085,-564.7148387911584
2024-06-25,2268.5,2112.711836029961,816.5698300353012,3479.2003948357983,155.78816397003902
2024-06-26,1701.0,2019.6728239815166,572.5318303886133,3412.212758189896,-318.67282398151656
2024-06-27,2048.0,1947.812467285537,523.185338474101,3252.8659644751997,100.18753271446303
2024-06-28,1485.0,2000.0943174078375,618.7972180022479,3375.3352676553022,-515.0943174078375
2024-06-29,1197.5,1483.0225223362966,88.34113898398525,2883.116125462942,-285.52252233629656
2024-07-01,3227.5,2237.388413421374,950.0218114398751,3645.325668994478,990.111586578626
2024-07-02,2999.0,2029.2459592872137,583.6552834788561,3372.249906861051,969.7540407127863
2024-07-03,1841.0,1932.2714252417302,606.4980021987827,3354.875474072413,-91.27142524173019
2024-07-04,2613.0,1864.4072598907608,487.99598612057605,3219.8396152455844,748.5927401092392
2024-07-05,870.5,1935.992653037889,591.9769807787245,3366.1627801389973,-1065.492653037889
2024-07-06,1208.0,1459.5219785383701,59.75895956878801,2865.7836218914786,-251.52197853837015
2024-07-08,1647.0,2326.296456110407,894.9987755075762,3741.556846622878,-679.2964561104068
2024-07-09,1322.0,2157.796160973103,833.3294473656765,3506.2503401076783,-835.7961609731028
2024-07-10,2054.0,2070.51585380023,642.8904576111108,3484.96434425201,-16.51585380023016
2024-07-11,2208.0,1987.0574427069187,632.3172055238628,3444.057167230873,220.94255729308134
2024-07-12,1226.0,2034.1548241633197,664.3536944397914,3491.9669878262093,-808.1548241633197
2024-07-13,1324.1399999999999,1539.501195057742,149.12806932288905,2936.3442219373947,-215.36119505774218
2024-07-15,1365.0,2362.8566289284413,1059.2466072814636,3733.535114961049,-997.8566289284413
2024-07-16,2512.0,2139.705736336948,668.107389992901,3568.3504378372213,372.2942636630519
2024-07-17,1935.0,1972.6771580553793,583.3547655772056,3271.4509268032084,-37.67715805537932
2024-07-18,1415.1,1810.433561289991,410.2726859435856,3317.946184260026,-395.33356128999117
2024-07-19,1104.43,1814.2236893271247,408.54977301544193,3275.629610226266,-709.7936893271246
2024-07-20,1378.5,1333.1391688396375,12.545398156282037,2702.906333971085,45.36083116036252
2024-07-22,1803.5,2292.227039737486,954.3820876904379,3563.7896048286048,-488.72703973748594
2024-07-23,1082.0,2128.4765325247763,770.5035027682409,3495.3744242895514,-1046.4765325247763
2024-07-24,1992.0,1986.8719559293536,574.5686416705064,3320.7636064051303,5.1280440706464105
2024-07-25,899.5,1822.629175112225,432.58086725752594,3123.1515681312558,-923.1291751122251
2024-07-26,721.5,1815.4166278897628,390.6749236142911,3193.0283637184366,-1093.9166278897628
2024-07-27,1031.0,1330.5997620342969,-41.93957398957465,2610.2039367131733,-299.5997620342969
2024-07-29,2118.5,2302.069353873792,852.668639441979,3659.0672691946766,-183.5693538737919
2024-07-30,2820.0,2143.1811764926274,671.958121860767,3556.6451484287295,676.8188235073726
2024-07-31,1857.0,1998.9005385905732,659.5187317674119,3362.8089848307372,-141.9005385905732
2024-08-01,346.0,1825.6279381005347,408.73706896326064,3137.01001523988,-1479.6279381005347
2024-08-02,1874.0,1806.2717433446417,429.02440825803666,3237.688995893889,67.72825665535834
2024-08-03,1230.0,1312.4712268434275,-148.53191904419526,2688.3994743417884,-82.47122684342753
2024-08-05,1361.5,2299.089735998455,879.3558684686154,3643.6889283061414,-937.5897359984551
2024-08-07,1336.0,2075.739405529895,768.2854465947254,3541.359484331285,-739.7394055298951
2024-08-08,1708.0,1937.7884028953897,530.1718564720974,3313.7553388127035,-229.7884028953897
2024-08-09,3053.5,1927.769714555655,608.3800160260022,3340.2614897069125,1125.730285444345
2024-08-10,1202.5,1414.8329298724677,-57.40416104350949,2774.829408266911,-212.33292987246773
2024-08-12,2797.0,2326.391966389876,912.0009446420231,3790.537764421384,470.60803361012404
2024-08-13,2082.0,2174.779266401339,734.4760725298524,3543.015725022785,-92.7792664013391
2024-08-14,1418.0,2045.2190659292662,634.9579449910893,3343.57830568392,-627.2190659292662
2024-08-15,2196.0,1858.1101020299543,551.3140240191633,3193.724454299168,337.8898979700457
2024-08-16,636.5,1771.331446276173,381.5234778608535,3092.683775662506,-1134.831446276173
2024-08-17,1015.5,1170.154909445417,-176.4676184253958,2571.713503629488,-154.65490944541693
2024-08-19,1008.0,1994.1123741538322,583.3017783958877,3321.7642237257865,-986.1123741538322
2024-08-20,1121.5,1882.364003384553,597.113298001923,3247.568821237916,-760.8640033845529
2024-08-21,1091.5,1828.2160346934386,417.4578420961633,3207.715532582135,-736.7160346934386
2024-08-22,2508.0,1716.7776557648074,312.91880484756587,2962.0385599598717,791.2223442351926
2024-08-23,2801.0,1678.907759067106,304.1025754592288,3074.7147544949835,1122.092240932894
2024-08-24,1292.5,1096.3100804365995,-265.71437709136427,2457.684145527072,196.1899195634005
2024-08-26,6788.0,1921.7009934984458,571.0723273264398,3353.2360072351535,4866.299006501555
2024-08-27,1446.0,1822.8863357247917,631.3859323228448,3248.758375872426,-376.8863357247917
2024-08-28,1355.0,1789.6392206295823,340.1662046386124,3158.7302417200913,-434.63922062958227
2024-08-29,956.0,1699.1179743833802,333.9798402887585,3097.275073789209,-743.1179743833802
2024-08-30,2195.0,1675.8898999913022,358.34918083980034,3084.8637729431634,519.1101000086978
2024-08-31,1910.0,1101.4977723388947,-308.91764527119534,2376.357925331914,808.5022276611053
2024-09-02,1326.0,1929.0142939695854,609.42469702453,3405.180766765392,-603.0142939695854
2024-09-03,1520.0,1836.694478672863,533.6152895558608,3262.4332214263895,-316.69447867286294
2024-09-04,1895.0,1822.4542805948101,432.52176631806464,3192.7780902885715,72.54571940518986
2024-09-05,1364.0,1768.6233401003024,409.42982576713354,3178.4474974584477,-404.62334010030236
2024-09-06,2016.0,1795.8311489690086,458.51582610792036,3279.416365761077,220.1688510309914
2024-09-07,1207.0,1272.0565773132544,-161.8868366555916,2670.596906009057,-65.05657731325437
2024-09-09,2043.0,2127.5959793539596,596.7370314954916,3526.6245656182086,-84.59597935395959
2024-09-10,1956.1,2008.8385916612228,615.8200095680338,3417.679695827589,-52.73859166122293
2024-09-11,1693.0,1958.840176311751,706.0800858886804,3400.047506730043,-265.84017631175107
2024-09-12,1873.0,1874.3949180498582,486.67244515360244,3240.2545253917638,-1.3949180498582336
2024-09-13,1560.0,1874.9307321836122,563.2397491298821,3228.527404431786,-314.93073218361224
2024-09-16,2042.5,2014.766609610641,616.4355210630412,3377.4781784367046,27.7333903893591
2024-09-17,2587.0,1810.1166172717053,382.69774131927966,3331.2592044913267,776.8833827282947
2024-09-18,1082.0,1710.832140563011,314.60383799342833,3130.717046458826,-628.8321405630111
2024-09-19,2982.0,1634.0569873164545,254.38484507257087,3116.7336702262915,1347.9430126835455
2024-09-20,1675.0,1690.8825710483973,356.1215129639107,3021.0409348923354,-15.882571048397267
2024-09-21,664.5,1204.7831511190807,-256.97574539220744,2609.301435721763,-540.2831511190807
2024-09-23,1921.0,1989.959976256896,623.054964438067,3312.225523851809,-68.95997625689597
2024-09-24,2256.5,1787.0409376742584,428.29770867009967,3117.61257457996,469.45906232574157
2024-09-25,2215.0,1682.1034418445224,321.000567362509,3046.359664237687,532.8965581554776
2024-09-26,1629.0,1607.209889430254,259.00514035432,2969.2168754744757,21.790110569746048
2024-09-27,1179.0,1676.1948992067682,286.4689580327037,3158.2390745453513,-497.19489920676824
2024-09-28,1057.0,1207.2121740345092,-222.6493614564038,2626.0020042002548,-150.2121740345092
2024-09-30,1670.0,2008.8135984623364,579.2764380439522,3448.112799707517,-338.81359846233636
2024-10-01,1815.0,1804.7207236820093,535.1876779499656,3177.2344456994438,10.279276317990707
2024-10-02,1109.5,1694.9577564868712,301.2029291663701,3037.403575601749,-585.4577564868712
2024-10-03,1201.0,1616.5692869208015,273.42888024233645,2988.0223188291375,-415.56928692080146
2024-10-04,1676.5,1690.111020319187,426.57862727937516,3071.9683086850637,-13.611020319186991
2024-10-05,2176.0,1241.73172892176,-157.58740963280238,2641.5300039559634,934.2682710782401
2024-10-07,1460.0,2121.499719251291,661.9214258113193,3568.0825463042925,-661.499719251291
2024-10-08,1816.0,1950.0406726681827,703.8202647481224,3341.717722621133,-134.04067266818265
2024-10-09,2012.5,1845.381836136121,518.8063073346896,3224.5231472256405,167.1181638638791
2024-10-10,2313.0,1741.2256766981232,336.490196611035,3271.4468666649364,571.7743233018768
2024-10-11,2340.0,1770.0016956192976,427.6855483670069,3188.338616822198,569.9983043807024
2024-10-12,563.0,1276.4551003534798,-151.95988548692262,2765.960227783177,-713.4551003534798
2024-10-14,3387.0,2072.886411647603,817.9157885197453,3458.334108186747,1314.113588352397
2024-10-15,2157.5,1838.9634639576636,366.6435207934225,3108.485890094809,318.53653604233637
2024-10-16,2620.0,1643.9318657326644,185.95986994522872,3103.3769078059845,976.0681342673356
2024-10-17,1435.0,1436.8335372183656,46.0182956716429,2938.209148451943,-1.8335372183655636
2024-10-18,1305.0,1382.712853017794,104.47506443429516,2809.515100641665,-77.71285301779403
2024-10-19,659.5,857.4487278809484,-519.6711910487174,2203.220271397713,-197.94872788094835
2024-10-21,1082.5,1737.9831013597416,345.8464786207327,3090.068478110277,-655.4831013597416
2024-10-22,1456.5,1566.7804898503302,199.33686535764025,2882.4798299086005,-110.28048985033024
2024-10-23,2031.0,1409.9149589171016,21.413331881375687,2765.341063168133,621.0850410828984
2024-10-24,1882.0,1212.305424612271,-222.50434586603515,2442.546229780337,669.694575387729
2024-10-25,1191.5,1153.0180379611834,-240.05216299136112,2533.1508536501583,38.48196203881662
2024-10-26,1630.5,627.2324146544047,-706.1151670278624,1952.5572487450177,1003.2675853455953
2024-10-28,1713.5,1540.4793199056207,118.8246140313712,2824.1879262263665,173.02068009437926
2024-10-29,1643.5,1394.6374529462148,-68.55861375915117,2806.6089086577513,248.8625470537852
2024-10-30,628.0,1259.7464501381417,-89.37287691891164,2462.8590538733683,-631.7464501381417
2024-10-31,395.0,1079.5681951136228,-285.685504934442,2442.665903238343,-684.5681951136228
2024-11-01,2732.0,1034.9616179478169,-335.2542654001442,2520.2939952947454,1697.0383820521831
2024-11-04,861.0,1497.4540217795973,168.85570287185604,2934.9063033671005,-636.4540217795973
2024-11-05,2037.0,1407.4548524775432,83.24100791788014,2875.110660039197,629.5451475224568
2024-11-06,1296.5,1342.9829523558697,-64.71616046842932,2694.7623864278635,-46.48295235586966
2024-11-07,890.0,1233.1331807035936,-92.26855908565291,2522.907855018471,-343.13318070359355
2024-11-08,758.0,1239.4151166112465,-157.01385328647936,2622.566477477653,-481.4151166112465
2024-11-09,2073.5,751.4593198823864,-544.4108911971769,2044.4509591115434,1322.0406801176136
2024-11-11,1378.0,1699.376397176661,231.39233963102697,3022.297560989406,-321.37639717666093
2024-11-12,1333.5,1597.0852140639117,220.96160603288365,3013.215673836588,-263.58521406391174
2024-11-13,776.5,1522.5977634014894,101.20962020578541,2913.2576585424536,-746.0977634014894
2024-11-14,1720.0,1389.4501636487041,43.1081199706549,2718.665891010715,330.5498363512959
2024-11-15,2103.0,1343.8027049490536,-93.32165222714865,2778.2898794775383,759.1972950509464
2024-11-16,1748.5,779.1983248173808,-750.0869287688743,2219.40876879547,969.3016751826192
2024-11-18,1487.0,1604.0051535089467,144.02231402520556,2995.3367062247457,-117.0051535089467
2024-11-19,2058.5,1511.629575964104,176.25839023995292,2805.51513955397,546.8704240358959
2024-11-20,1922.0,1492.726684557705,14.437426404062531,2806.6362655037815,429.2733154422949
2024-11-21,1545.0,1430.607614824386,72.0859206122597,2860.7086494093655,114.39238517561398
2024-11-22,1475.75,1438.5164305031158,16.200400323931138,2723.0135255875593,37.23356949688423
2024-11-23,1223.0,895.3470270593898,-442.85439431707397,2226.1179468479054,327.6529729406102
2024-11-25,1827.5,1698.5138578879596,375.80330159595223,3216.439356991539,128.9861421120404
2024-11-26,869.0,1598.7630850172675,253.62605456757794,2795.610780770446,-729.7630850172675
2024-11-27,923.5,1582.3416920075413,282.23357713563973,2909.173130874239,-658.8416920075413
2024-11-28,981.5,1526.8063435057857,132.61608419617082,2927.635312184266,-545.3063435057857
2024-11-29,1183.0,1537.887044330296,177.09777128227066,2977.6002894526787,-354.887044330296
2024-11-30,787.0,992.2735823970718,-342.70729731733763,2265.8416538174793,-205.27358239707178
2024-12-02,1572.0,1774.597640425626,353.22994036137305,3146.218428824984,-202.59764042562597
2024-12-03,1242.0,1667.3805259530884,271.48434113891904,3053.6481239339846,-425.3805259530884
2024-12-04,2094.0,1653.5168367853944,307.1469051898893,2935.2181290764656,440.4831632146056
2024-12-05,1526.0,1617.7367413864176,188.82183327495778,2943.22637087919,-91.73674138641763
2024-12-06,3138.0,1666.9397551431077,277.2591138461824,3184.9676359342297,1471.0602448568923
2024-12-07,1942.0,1169.6942511736004,-235.26867566423056,2558.97236042947,772.3057488263996
2024-12-09,2685.0,2004.224202549789,663.854230391192,3425.6255471505824,680.775797450211
2024-12-10,1607.0,1883.48767485407,536.5628756378583,3313.6270373743314,-276.48767485407006
2024-12-11,1093.0,1839.5362042348693,449.4305632583857,3236.259379353764,-746.5362042348693
2024-12-12,1030.0,1774.3001260603428,427.5623336284513,3176.866057528451,-744.3001260603428
2024-12-13,2171.0,1801.75555995348,451.9771398473642,3177.4643765355304,369.2444400465199
2024-12-14,322.0,1282.07581531095,-216.13220682235615,2598.7081281997457,-960.07581531095
2024-12-16,2358.0,2003.3005115308301,607.2920122661874,3308.5442985629293,354.69948846916986
2024-12-17,3132.75,1800.9819992547357,342.6463229427886,3163.3983001741185,1331.7680007452643
2024-12-18,1140.5,1694.8926375086637,360.9298825345058,3025.7407698505604,-554.3926375086637
2024-12-19,1096.0,1616.3112090128784,271.8592919099295,3000.226225831194,-520.3112090128784
2024-12-20,2303.0,1685.3434206972313,310.7696968563239,3167.1466946094465,617.6565793027687
2024-12-21,3407.5,1242.0675256496552,-143.42486361178325,2577.3389361426125,2165.432474350345
2024-12-23,1224.0,2085.47103449438,693.2199556186882,3465.486501190225,-861.4710344943801
2024-12-24,427.5,1900.8216970789085,463.32746339669546,3200.967633075646,-1473.3216970789085
2024-12-26,1221.0,1717.1434941274458,301.76554680649645,3047.057806773898,-496.1434941274458
2024-12-27,1134.5,1796.1620550185419,469.82509735559074,3110.242937191366,-661.6620550185419
2024-12-28,1123.0,1370.673220633699,66.61052304160312,2764.3444089628606,-247.67322063369897
2024-12-30,2675.0,2237.8751760439427,903.3975352115084,3726.796464940699,437.1248239560573
2024-12-31,855.0,2054.6185733357697,612.4106848706341,3411.8624776881848,-1199.6185733357697
2025-01-02,2154.0,1859.7614818117918,448.2862240508201,3216.6950287120767,294.2385181882082
2025-01-03,2389.0,1935.8872260588569,603.2739512345722,3348.549029719736,453.11277394114313
2025-01-04,1654.0,1519.6091501493543,161.28052520537128,2945.893821506466,134.39084985064574
2025-01-06,2708.0,2446.9971672788533,1084.3536292258673,3806.627846619258,261.00283272114666
2025-01-07,1519.0,2299.429476437834,927.8080523404429,3637.354403698636,-780.4294764378342
2025-01-08,2011.0,2204.5374807376647,732.4380949560139,3588.3591040719566,-193.53748073766474
2025-01-09,1799.0,2104.872327616524,697.4312367903041,3434.3553572248857,-305.8723276165242
2025-01-10,2632.5,2139.4706753073215,740.1082188723808,3540.0224792395466,493.02932469267853
2025-01-11,2267.0,1672.8016477140934,225.81838558732647,3068.6804318609943,594.1983522859066
2025-01-13,2299.0,2508.4212658258994,1171.4440418099507,3885.326003711111,-209.42126582589935
2025-01-14,1302.0,2306.071782420087,904.9957738222648,3667.704869412074,-1004.071782420087
2025-01-15,2655.5,2130.184020499583,698.4465915926345,3546.54899961806,525.3159795004171
2025-01-16,1825.5,1926.6009385737445,538.3825720248931,3286.7157441299196,-101.10093857374454
2025-01-17,3583.0,1859.4132839941242,454.598105778879,3238.144231279269,1723.5867160058758
2025-01-18,913.0,1327.8282805043293,-78.97188432049461,2732.782874607848,-414.8282805043293
2025-01-20,1905.0,2190.566950345129,771.6977475354263,3648.0580371702026,-285.56695034512904
2025-01-21,2431.0,2045.2905438450523,656.5816902932127,3342.916394383266,385.7094561549477
2025-01-23,3869.0,1723.174650520843,341.889799145076,3055.095423535773,2145.825349479157
2025-01-24,1679.0,1646.9774367858186,210.00178088706093,2975.197841952065,32.022563214181446
2025-01-25,355.0,1102.2352177101227,-301.66572703670244,2442.5188933218637,-747.2352177101227
2025-01-27,1454.0,1967.4100221598817,552.400050833626,3304.1847830697425,-513.4100221598817
2025-01-28,840.0,1837.284155829363,359.15381898720534,3364.661138498877,-997.284155829363
2025-01-29,1334.0,1718.9313119991712,366.11654474306266,3070.235254263873,-384.93131199917116
2025-01-30,891.0,1539.5178948021007,69.72120886014062,2786.179892103535,-648.5178948021007
2025-01-31,1051.5,1469.6932332825943,112.82649121358008,2986.6575400499755,-418.1932332825943
2025-02-01,1216.5,931.6894718500041,-397.00332999259945,2226.8949798359017,284.8105281499959
2025-02-03,2583.0,1826.4751444522456,383.2526763235537,3135.9246027402123,756.5248555477544
2025-02-04,2397.0,1734.9825944918664,335.7275622216763,3124.4467549907026,662.0174055081336
2025-02-05,2566.5,1673.6787105437625,272.18868531700446,3102.9404810396695,892.8212894562375
2025-02-06,1040.0,1560.5135834761825,148.95523836745514,2901.2174120368395,-520.5135834761825
2025-02-07,1695.0,1548.0952371822536,88.7449129331036,2944.478037761181,146.90476281774636
2025-02-08,3241.0,1043.3504979179068,-501.4526559219464,2272.9913032405725,2197.649502082093
2025-02-10,2830.5,1926.6801889870449,570.8787333074566,3329.8222821712898,903.8198110129551
2025-02-11,2372.0,1820.9266867955155,412.86348284192354,3221.3619743461236,551.0733132044845
2025-02-12,2331.5,1751.5102989444115,346.9395064396219,3078.651390464363,579.9897010555885
2025-02-13,3484.5,1627.069861529714,303.25678781810046,3012.3900589800473,1857.430138470286
2025-02-14,2691.5,1582.4825148428108,135.30230541621123,2963.812143480397,1109.0174851571892
2025-02-15,1914.0,1017.9986533924085,-401.52766953904893,2356.100782421027,896.0013466075915
2025-02-17,1770.0,1767.932840430815,360.10354864001243,3102.2189316128383,2.0671595691849234
2025-02-18,1533.5,1651.3111222381276,188.71899251345053,2921.3680518912665,-117.81112223812761
2025-02-19,1619.0,1623.4640135414102,279.48234423577304,2995.952466425669,-4.464013541410168
2025-02-20,2260.0,1572.432865217255,145.4514460530733,2948.5814896111883,687.5671347827449
2025-02-21,1812.5,1599.0402081634702,140.95757753986592,3011.5387639931505,213.4597918365298
2025-02-22,1176.0,1079.0486157147132,-175.63662722051518,2463.9492793988,96.95138428528685
2025-02-24,1817.5,1833.1872305607312,486.9638714864997,3179.8794248571558,-15.687230560731223
2025-02-25,1917.0,1710.268235005863,356.37268804760413,3139.2939406468977,206.73176499413694
2025-02-26,1212.0,1684.8076506932814,308.39196341329614,2976.9132777237164,-472.8076506932814
2025-02-27,1225.5,1642.770995245533,206.68486782644536,2969.1707839008263,-417.27099524553296
2025-02-28,1054.0,1677.2503353177167,318.71479893425027,3179.593471659535,-623.2503353177167
2025-03-01,726.5,1159.4824290189358,-326.14297286700497,2498.31308900772,-432.9824290189358
2025-03-05,2345.5,1727.7798978710814,345.5907138100498,3133.9585439385187,617.7201021289186
2025-03-06,2045.5,1691.2406358948283,248.2807724423002,3072.339916225753,354.2593641051717
2025-03-07,1974.0,1748.4828392605743,260.8021784721269,3115.53946377614,225.51716073942566
2025-03-08,1287.0,1268.3882114739436,-136.23055956748732,2688.734270106952,18.611788526056444
2025-03-10,2261.92,2058.7483632076987,556.0551400442056,3382.3660123420873,203.17163679230134
2025-03-11,1983.0,1914.8880442155862,375.9394073238864,3172.388145348333,68.1119557844138
2025-03-12,1747.5900000000001,1849.5159560169438,476.21068663766107,3245.6562385480315,-101.9259560169437
2025-03-13,1812.5,1772.4295614217374,361.01728499581856,3138.2719592094927,40.07043857826261
2025-03-14,2936.0,1795.021951538107,453.44351206377087,3205.6636385779993,1140.978048461893
2025-03-15,1006.0,1286.3039691049307,-37.71528151605868,2668.074729284853,-280.30396910493073
2025-03-17,1748.0,1972.4213579221862,523.5974083275331,3300.8509633183526,-224.4213579221862
2025-03-18,1346.0,1743.84910882166,356.3213863206042,3128.8135286194733,-397.8491088216599
2025-03-19,1223.0,1596.9625963147778,275.3180360744643,3068.05982028781,-373.9625963147778
2025-03-20,1468.0,1474.6355973578281,62.12512851592305,2790.286686672465,-6.635597357828146
2025-03-21,1503.5,1507.3425153949324,72.37427213002385,2830.2221076139185,-3.842515394932434
2025-03-22,1028.0,1057.326771559295,-329.0875637600109,2416.365985589967,-29.32677155929491
2025-03-24,1379.0,1879.940739277229,567.0999699638287,3251.4658414159157,-500.9407392772291
2025-03-25,1984.25,1684.1085066051498,321.31127442697925,3154.7345586597494,300.14149339485016
2025-03-26,1311.5,1546.2572906937146,149.99405074972012,2884.9911550488678,-234.7572906937146
2025-03-27,1650.0,1426.7569842030314,73.82304989905248,2841.2109554466665,223.24301579696862
2025-03-28,1644.0,1469.9526123111716,154.3771106073685,2819.1029763539864,174.0473876888284
2025-03-29,687.0,1041.9200838192764,-326.9166648963147,2421.581005685072,-354.92008381927644
2025-03-31,1922.5,1911.3786273472085,521.3412304748442,3255.073878786556,11.121372652791479
2025-04-01,2771.5,1731.7977827681593,316.3777750895581,3078.917616962075,1039.7022172318407
2025-04-02,1551.0,1604.1033483856725,224.6292134331619,2975.420237351071,-53.10334838567246
2025-04-03,1021.0,1491.6838222895458,130.71573369871976,2901.0095400733408,-470.6838222895458
2025-04-04,927.0,1543.2190254764919,164.2148113069269,2985.1645090509555,-616.2190254764919
2025-04-05,530.0,1132.3942533491493,-232.36449628233726,2488.2612237513736,-602.3942533491493
2025-04-07,2934.0,2078.02729864482,682.7338962168619,3482.560747849129,855.9727013551801
2025-04-08,2881.5,1951.9373013968373,510.45583303330955,3295.917273205896,929.5626986031627
2025-04-09,1726.5,1866.857489430167,418.571909242823,3208.0353585816047,-140.3574894301671
2025-04-10,1642.0,1770.3955102068592,348.2665033993891,3172.2942543916947,-128.39551020685917
2025-04-11,2097.5,1807.5433962852744,430.7195928554795,3228.5052439527813,289.9566037147256
2025-04-12,1265.0,1364.4720204815494,-151.11149724660922,2714.1797188449937,-99.47202048154941
2025-04-14,2545.5,2243.5659495012083,819.9878314988634,3713.5062513507924,301.93405049879175
2025-04-15,1344.0,2083.8943085230026,781.3989666203486,3420.0708036193832,-739.8943085230026
2025-04-16,2449.0,1944.3684454151587,633.0096683861798,3408.1155273246036,504.6315545848413
2025-04-17,1832.0,1765.434813686009,380.5414291231025,3269.2084148128647,66.56518631399103
2025-04-19,1126.0,1185.4260779943584,-297.0671828367971,2465.4234346799603,-59.426077994358366
2025-04-21,2268.0,2051.4455691444864,716.5961576622187,3422.4941372528306,216.5544308555136
2025-04-22,1614.0,1945.2919155724546,592.3406589160844,3252.0715719704253,-331.2919155724546
2025-04-23,2704.0,1858.7509831472325,463.37586604646634,3258.3110912214906,845.2490168527675
2025-04-24,1493.0,1707.4263824183492,307.5894741479101,3080.056565225889,-214.42638241834925
2025-04-25,1186.0,1646.2218873314823,218.34049085028934,3074.57976891961,-460.2218873314823
2025-04-26,1425.0,1108.3881251998146,-256.5949242401874,2501.952830845039,316.61187480018543
2025-04-28,2722.0,1951.660886816516,490.4918597168203,3373.0597558861705,770.339113183484
2025-04-29,3653.0,1849.0711911413305,564.677235029361,3222.478747358428,1803.9288088586695
2025-04-30,2374.0,1767.1875467463863,454.4901393656942,3176.7269284351837,606.8124532536137
2025-05-02,2921.0,1549.7942428141928,161.95229944227677,2921.08340250115,1371.2057571858072
2025-05-03,1336.0,1004.4582988910423,-378.2286061220107,2323.4617202924637,331.5417011089577
2025-05-05,2391.0,1837.6047444211026,325.7695761751123,3212.365629315347,553.3952555788974
2025-05-06,3458.5,1747.832421533725,381.28424716857546,3072.2727765586783,1710.667578466275
2025-05-07,752.0,1697.109616170254,349.8061374508575,3008.6629057517857,-945.109616170254
2025-05-08,2731.0,1592.2300447955004,151.00291798759724,2980.599742852623,1138.7699552044996
2025-05-09,1752.0,1572.8164766438342,168.0934501466025,2958.433363586117,179.18352335616578
2025-05-10,3358.0,1058.4258058467287,-328.66629457777015,2418.131564315361,2299.5741941532715
2025-05-12,1080.0,1872.3015294687689,415.9867111351891,3219.862307689237,-792.3015294687689
2025-05-13,2739.0,1754.9618332899952,445.9566755100211,3181.7909348473327,984.0381667100048
2025-05-14,1737.5,1682.6345709807792,224.80773812939478,3067.973481700886,54.865429019220755
2025-05-15,1732.0,1561.213167366798,166.42129077314794,2996.736563800643,170.78683263320204
2025-05-16,2086.0,1515.2221450508969,139.45886224091115,2760.2304350070544,570.7778549491031
2025-05-17,1421.0,950.8886454161749,-557.4919963111275,2306.018814026124,470.1113545838251
2025-05-19,1913.0,1621.7405918370387,278.96136860193064,3024.348410652456,291.25940816296134
2025-05-20,1342.0,1470.453159577871,71.80268496191188,2912.770504620478,-128.45315957787102
2025-05-21,1607.0,1418.2742615534478,29.455875898483605,2754.4100178213857,188.7257384465522
2025-05-22,1919.0,1363.5031147659488,-61.46957150945122,2769.4511614334465,555.4968852340512
2025-05-23,2025.0,1401.1836370303347,60.15060626751923,2826.6626928939845,623.8163629696653
2025-05-24,1726.0,907.0561762588338,-519.6316332650925,2488.525002966647,818.9438237411662
2025-05-26,1686.0,1632.1110329488968,201.42625163456748,2995.7268816459987,53.888967051103236
2025-05-27,635.0,1490.1994980731702,123.34726601532981,2844.8697207050036,-855.1994980731702
2025-05-28,1460.0,1454.4430389541417,-7.777627828102455,2729.7562427867983,5.556961045858316
2025-05-29,1070.0,1426.0191093166702,51.44972817012493,2725.1348265808806,-356.0191093166702
2025-05-30,914.5,1493.6868132166674,180.19935253226777,2910.2671251351426,-579.1868132166674
2025-05-31,771.0,1026.8294221389224,-290.8493301700521,2327.6772659245075,-255.82942213892238
2025-06-02,1114.0,1782.6044550815848,372.5962269777869,3133.399481734166,-668.6044550815848
2025-06-03,1882.0,1650.0509202558485,306.37918283394947,3069.6038990858665,231.9490797441515
2025-06-04,1432.0,1624.3484529541076,278.4728864974836,2899.6256268362636,-192.34845295410764
2025-06-05,1507.5,1613.2592671280581,271.17210391554573,2933.414879121853,-105.75926712805813
2025-06-06,2606.5,1711.7651928144833,310.4674281928512,3023.690725001826,894.7348071855167
2025-06-09,1862.0,2137.4320451290146,732.4437525238535,3486.686386156277,-275.43204512901457
2025-06-10,1880.0,2018.3496122683343,484.44295565644245,3461.5188740363556,-138.34961226833434
2025-06-11,2628.0,1975.6696819114725,571.8738891149602,3291.9848905481917,652.3303180885275
2025-06-12,1819.75,1928.5841017019063,515.2300382140219,3316.7654731124835,-108.83410170190632
2025-06-13,1954.0,1988.2928682614117,534.311539941048,3352.6329349584757,-34.29286826141174
2025-06-14,2298.5,1534.5320290009254,186.63912539914267,2954.0856660687637,763.9679709990746
2025-06-16,3430.0,2281.4060999180506,1035.3774196031518,3646.036143136023,1148.5939000819494
2025-06-17,2870.0,2075.3442085908077,705.9436952583445,3472.8232402440344,794.6557914091923
2025-06-18,2973.0,1931.973187898229,524.4212900291379,3232.787477697594,1041.026812101771
2025-06-20,2221.5,1823.491360990277,426.92281499690665,3298.424779702774,398.0086390097231
2025-06-21,1076.0,1385.0559653776631,68.45885217920798,2797.493607698764,-309.05596537766314
2025-06-23,2951.0,2224.552114994361,848.7227545210898,3564.4211161868525,726.4478850056389
2025-06-24,2854.0,2041.317954936986,630.7959094523289,3404.609735627161,812.6820450630139
2025-06-25,1616.0,1892.3624018271023,553.835353175778,3230.0046558516715,-276.3624018271023
2025-06-26,2331.5,1741.6803709180083,300.9006872785668,3131.4057397125634,589.8196290819917
2025-06-27,2271.0,1745.7803547803924,286.2125064151841,3062.46701789172,525.2196452196076
2025-06-28,2878.0,1301.9787257140563,-51.9072537160832,2547.8101568296634,1576.0212742859437
2025-06-30,2966.5,2148.958499701006,893.7348655225072,3509.4196863012444,817.5415002989939
2025-07-01,2381.0,1968.3303520018806,647.4117763732579,3340.768489505778,412.66964799811944
2025-07-02,1791.5,1817.6712814323203,497.14179956219556,3175.633521559866,-26.171281432320256
2025-07-03,1832.0,1663.2127308611832,320.2518648572572,3033.7763637214457,168.78726913881678
2025-07-04,3999.5,1664.977513881052,264.646483350373,3028.90169953531,2334.522486118948
2025-07-05,1203.5,1226.8838016157276,-139.84795134510523,2668.684181280668,-23.383801615727634
2025-07-07,2432.0,2129.0938278359936,772.9676603458284,3606.4372861620614,302.9061721640064
2025-07-08,2780.5,2001.309506318855,627.7403411631138,3331.6813412614815,779.190493681145
2025-07-09,2076.0,1904.5190645667926,554.2428648581522,3326.043115726118,171.48093543320738
2025-07-10,2583.0,1787.1415006661782,437.4233413558583,3264.550675632015,795.8584993338218
2025-07-11,1943.5,1798.2780422209778,361.1907824315177,3021.6913500901314,145.2219577790222
2025-07-12,1552.0,1347.0299657719165,-20.01401061448377,2727.160963055173,204.97003422808348
2025-07-14,3782.0,2208.3351150833373,786.9875555704272,3580.3981581191138,1573.6648849166627
2025-07-15,3493.5,2067.0054023458897,755.2163804136411,3542.6749425414814,1426.4945976541103
2025-07-16,2495.0,1945.2739304214595,760.438253072802,3161.4879897749106,549.7260695785405
2025-07-17,2753.4,1777.3472007217438,452.5219712401219,3159.1810126245855,976.0527992782563
2025-07-18,2882.0,1714.6886564315355,341.27062447745254,3163.0194498478186,1167.3113435684645
2025-07-19,1156.5,1191.2061467890808,-242.45029987114458,2582.032246191564,-34.706146789080776
2025-07-21,2019.0,2021.2413604974995,649.7057368243073,3407.300678783634,-2.2413604974994996
2025-07-22,2417.5,1934.4274583136785,474.5972432298867,3293.288820979067,483.07254168632153
2025-07-23,1736.5,1881.9705923336548,557.9903318652078,3173.8088106601485,-145.47059233365485
2025-07-24,3148.6,1767.2642084917593,449.4328948501067,3114.6770007107602,1381.3357915082406
2025-07-25,3757.5,1726.6175359419599,438.4208440425794,3255.0735272801912,2030.8824640580401
2025-07-26,1067.9,1200.8876489855595,-183.3560945635419,2538.0267958736567,-132.98764898555942
2025-07-28,3571.75,2013.259137766898,705.7100988244717,3467.8034512605213,1558.490862233102
2025-07-29,1506.0,1930.5096561815062,529.1388439910943,3318.2061854331823,-424.5096561815062
2025-07-30,1538.0,1885.3811492102136,509.7340181892954,3185.867586154583,-347.3811492102136
2025-07-31,1691.0,1774.4791264842527,415.02201734895954,3136.559237680144,-83.47912648425267
2025-08-01,2049.0,1730.7851834155479,275.0789042955141,3185.5410720111695,318.21481658445214
2025-08-02,1486.5,1197.1696344670454,-143.77571989422333,2549.849372108283,289.3303655329546
2025-08-04,2257.0,1987.9134020435197,636.3570675171958,3413.17541292643,269.0865979564803
2025-08-05,1306.5,1905.4015963005695,491.0688396682856,3283.283837794498,-598.9015963005695
2025-08-08,1493.0,1795.4037550034625,460.95599440907756,3124.119452087225,-302.4037550034625
2025-08-09,1817.5,1295.5013625726056,-185.66520486939763,2716.3531907716274,521.9986374273944
2025-08-11,1085.0,2076.7634159762256,604.2413595846078,3451.5628541493898,-991.7634159762256
2025-08-12,2946.75,1961.4363598364432,600.4965378366483,3388.2636878818353,985.3136401635568
2025-08-13,1937.0,1899.713925645127,578.7773505252248,3270.765597324577,37.28607435487311
2025-08-14,2498.0,1796.7899150622372,464.395624581583,3142.623025877516,701.2100849377628
2025-08-15,2942.0,1767.7991903102397,271.3529430830581,3217.830241025807,1174.2008096897603
2025-08-16,846.5,1224.4671069269702,-118.06455107447992,2623.114008923073,-377.96710692697025
2025-08-18,1619.5,1854.1367585393557,353.7339496144377,3212.8803964697195,-234.6367585393557
