ds,real,rf_pred,xgb_pred,residuo_rf,residuo_xgb
2024-05-15,1425.0,1716.1788050808093,1599.9769,-291.1788050808093,-174.9769287109375
2024-05-16,1794.6,1698.4507676686733,1448.3761,96.14923233132663,346.2239013671874
2024-05-17,1830.5,1834.2748384339027,1686.1289,-3.774838433902687,144.37109375
2024-05-18,1253.5,1316.7255207697583,1218.8308,-63.225520769758305,34.669189453125
2024-05-20,1990.0,1953.0893730723735,2075.0088,36.91062692762648,-85.0087890625
2024-05-21,888.0,1750.8868742011318,1588.8812,-862.8868742011318,-700.8812255859375
2024-05-22,979.8,1591.004279035912,1580.6066,-611.2042790359121,-600.8065673828125
2024-05-23,1655.0,1586.7995005337455,1661.8442,68.20049946625454,-6.84423828125
2024-05-24,1036.0,1432.5901129048718,1299.6344,-396.59011290487183,-263.6343994140625
2024-05-25,738.5,974.4290853577534,1242.7793,-235.92908535775337,-504.279296875
2024-05-27,2304.9,1689.3448671170495,1629.5342,615.5551328829506,675.3658203125001
2024-05-28,568.4,1540.707425321456,1555.56,-972.307425321456,-987.16005859375
2024-05-29,1392.0,1307.3746401520705,1273.2112,84.62535984792953,118.788818359375
2024-05-31,1859.0,1328.1956338858367,1425.9388,530.8043661141633,433.0611572265625
2024-06-01,1036.0,1040.5768106611447,861.9192,-4.576810661144691,174.080810546875
2024-06-03,1991.0,1686.977967494394,1760.9686,304.0220325056059,230.0313720703125
2024-06-04,904.5,1445.0359966926399,1367.0837,-540.5359966926399,-462.583740234375
2024-06-05,1966.0,1225.4654476208239,1258.3448,740.5345523791761,707.6551513671875
2024-06-06,1347.5,1629.0527276961375,1627.6372,-281.5527276961375,-280.13720703125
2024-06-07,829.5,1227.6531944746368,1217.615,-398.15319447463685,-388.114990234375
2024-06-08,587.0,991.1212643444061,1130.2673,-404.1212643444061,-543.267333984375
2024-06-10,1510.5,1517.837925376789,1400.8726,-7.337925376788917,109.62744140625
2024-06-11,2115.5,1483.9340539696955,1443.9271,631.5659460303045,671.5728759765625
2024-06-12,2135.0,1719.6213863073594,1973.951,415.37861369264056,161.0489501953125
2024-06-13,1710.0,1616.550821092129,1736.0803,93.4491789078711,-26.080322265625
2024-06-14,1584.0,1461.9977731717172,1408.5781,122.0022268282828,175.421875
2024-06-15,1006.7,1293.0929209826563,1529.8511,-286.3929209826563,-523.15107421875
2024-06-17,2588.5,1826.017258892496,1675.0863,762.4827411075039,913.4136962890625
2024-06-18,1172.5,1813.1332995624414,1538.2681,-640.6332995624414,-365.76806640625
2024-06-19,2702.0,1858.7125450561664,1796.3989,843.2874549438336,905.60107421875
2024-06-20,1398.0,1646.812353522923,1537.0544,-248.8123535229231,-139.054443359375
2024-06-21,225.0,1509.2960703444878,1510.3068,-1284.2960703444878,-1285.3067626953125
2024-06-22,1653.0,1296.7862615987347,1645.7499,356.21373840126535,7.2501220703125
2024-06-24,1750.5,1689.4138045518969,1929.3855,61.086195448103126,-178.885498046875
2024-06-25,2268.5,1692.0595781885386,1706.6398,576.4404218114614,561.8602294921875
2024-06-26,1701.0,1637.9779999279106,1532.7125,63.02200007208944,168.2874755859375
2024-06-27,2048.0,1479.971579017482,1370.2488,568.0284209825179,677.751220703125
2024-06-28,1485.0,1555.3848394202018,1529.287,-70.38483942020184,-44.2869873046875
2024-06-29,1197.5,1417.6212231239883,1399.2483,-220.12122312398833,-201.748291015625
2024-07-01,3227.5,2283.987979611776,2358.0059,943.5120203882238,869.494140625
2024-07-02,2999.0,2427.5837388060822,2571.9097,571.4162611939178,427.09033203125
2024-07-03,1841.0,2239.674374613997,2294.249,-398.67437461399686,-453.2490234375
2024-07-04,2613.0,2406.609755375529,2311.9468,206.39024462447105,301.05322265625
2024-07-05,870.5,1820.5470576743942,1879.118,-950.0470576743942,-1008.6180419921875
2024-07-06,1208.0,1545.2569931722721,1739.6134,-337.25699317227213,-531.6134033203125
2024-07-08,1647.0,2614.4070971884785,2673.4438,-967.4070971884785,-1026.44384765625
2024-07-09,1322.0,1937.2913574816387,1986.3372,-615.2913574816387,-664.337158203125
2024-07-10,2054.0,1565.480954763347,1626.6156,488.519045236653,427.3843994140625
2024-07-11,2208.0,1668.9175510139808,1749.367,539.0824489860192,458.633056640625
2024-07-12,1226.0,1600.7673546334222,1511.0605,-374.7673546334222,-285.060546875
2024-07-13,1324.1399999999999,1338.9899335463995,1368.5436,-14.849933546399598,-44.40357910156263
2024-07-15,1365.0,1750.6786329078138,1765.8982,-385.67863290781384,-400.898193359375
2024-07-16,2512.0,1788.9852396005103,1846.9788,723.0147603994897,665.021240234375
2024-07-17,1935.0,1950.4063650040932,2043.4608,-15.406365004093232,-108.4608154296875
2024-07-18,1415.1,1787.9374601873653,1842.6382,-372.8374601873654,-427.5381835937501
2024-07-19,1104.43,1555.7834250062158,1404.37,-451.35342500621573,-299.93999511718744
2024-07-20,1378.5,1247.8218897877398,1260.1871,130.6781102122602,118.3128662109375
2024-07-22,1803.5,1827.108844654289,1998.0795,-23.608844654288987,-194.5794677734375
2024-07-23,1082.0,1776.0380849714302,1884.1075,-694.0380849714302,-802.1075439453125
2024-07-24,1992.0,1699.0384058040313,1745.6688,292.9615941959687,246.3311767578125
2024-07-25,899.5,1425.4229965214822,1263.4487,-525.9229965214822,-363.94873046875
2024-07-26,721.5,1328.9395979994442,1332.4789,-607.4395979994442,-610.9788818359375
2024-07-27,1031.0,980.6811879861799,846.8647,50.31881201382009,184.13531494140625
2024-07-29,2118.5,1681.107047172106,1624.1682,437.3929528278941,494.331787109375
2024-07-30,2820.0,1851.2275975737075,1926.7747,968.7724024262925,893.225341796875
2024-07-31,1857.0,1720.214863074763,1697.4517,136.7851369252371,159.54833984375
2024-08-01,346.0,1559.3430803960503,1518.9547,-1213.3430803960503,-1172.9547119140625
2024-08-02,1874.0,1628.3071660040523,1818.3212,245.6928339959477,55.6788330078125
2024-08-03,1230.0,1228.8414577624608,1153.2762,1.1585422375392227,76.7237548828125
2024-08-05,1361.5,1870.650793387614,1802.6094,-509.15079338761393,-441.109375
2024-08-07,1336.0,1639.0620703766815,1495.0548,-303.0620703766815,-159.0548095703125
2024-08-08,1708.0,1417.7818303989902,1340.7966,290.2181696010098,367.203369140625
2024-08-09,3053.5,1615.4209976001262,1589.4374,1438.0790023998738,1464.0626220703125
2024-08-10,1202.5,1328.7923562700362,1488.1979,-126.29235627003618,-285.6978759765625
2024-08-12,2797.0,2046.1752313479851,2020.3356,750.8247686520149,776.6644287109375
2024-08-13,2082.0,2006.7409886621717,1805.4385,75.25901133782827,276.5615234375
2024-08-14,1418.0,2088.523580145364,2094.0261,-670.5235801453641,-676.026123046875
2024-08-15,2196.0,1898.193545341437,1759.7354,297.8064546585631,436.2646484375
2024-08-16,636.5,1791.1622667140632,2036.9106,-1154.6622667140632,-1400.41064453125
2024-08-17,1015.5,1271.953178463315,1372.329,-256.453178463315,-356.8289794921875
2024-08-19,1008.0,1915.445524349706,1920.4812,-907.4455243497059,-912.481201171875
2024-08-20,1121.5,1624.1395669208584,1474.7391,-502.63956692085844,-353.2391357421875
2024-08-21,1091.5,1494.7202122565823,1424.6879,-403.2202122565823,-333.1878662109375
2024-08-22,2508.0,1421.0122574075415,1428.8524,1086.9877425924585,1079.1475830078125
2024-08-23,2801.0,1546.3155496613977,1459.8574,1254.6844503386023,1341.142578125
2024-08-24,1292.5,1218.3170433057503,1237.8916,74.1829566942497,54.6083984375
2024-08-26,6788.0,2380.300254320561,1956.4741,4407.699745679439,4831.52587890625
2024-08-27,1446.0,2062.976372628428,1330.8502,-616.9763726284282,115.1497802734375
2024-08-28,1355.0,2297.7714190894667,1948.4421,-942.7714190894667,-593.442138671875
2024-08-29,956.0,2358.7626200979025,2163.9924,-1402.7626200979025,-1207.992431640625
2024-08-30,2195.0,2996.567589787657,2781.1807,-801.5675897876572,-586.1806640625
2024-08-31,1910.0,1404.8022582326562,1669.873,505.1977417673438,240.126953125
2024-09-02,1326.0,2730.7666913181833,2261.2478,-1404.7666913181833,-935.247802734375
2024-09-03,1520.0,1706.773731488679,1715.7683,-186.773731488679,-195.768310546875
2024-09-04,1895.0,1611.4802074006004,1677.5023,283.5197925993996,217.4976806640625
2024-09-05,1364.0,1465.231792200365,1520.8202,-101.23179220036491,-156.8201904296875
2024-09-06,2016.0,1670.660065567322,1887.7849,345.3399344326781,128.215087890625
2024-09-07,1207.0,1232.1059792804983,1102.9897,-25.10597928049833,104.01025390625
2024-09-09,2043.0,1847.7190478596415,1932.3676,195.28095214035852,110.6324462890625
2024-09-10,1956.1,1596.7516432572518,1583.9028,359.34835674274814,372.1971679687499
2024-09-11,1693.0,1925.684302640416,2052.1392,-232.68430264041604,-359.13916015625
2024-09-12,1873.0,1651.6209530907608,1548.1495,221.37904690923915,324.8504638671875
2024-09-13,1560.0,1618.7229866932505,1622.9309,-58.722986693250505,-62.930908203125
2024-09-16,2042.5,1772.2060142059686,1688.844,270.2939857940314,353.656005859375
2024-09-17,2587.0,1995.44405092887,1984.5104,591.55594907113,602.4896240234375
2024-09-18,1082.0,1758.0003755508233,1501.8798,-676.0003755508233,-419.8797607421875
2024-09-19,2982.0,2113.0279437791105,1759.7543,868.9720562208895,1222.2457275390625
2024-09-20,1675.0,2078.1274642239414,1966.5618,-403.1274642239414,-291.561767578125
2024-09-21,664.5,1340.5707533001455,1210.6151,-676.0707533001455,-546.1151123046875
2024-09-23,1921.0,2313.098952807079,2338.3499,-392.09895280707906,-417.349853515625
2024-09-24,2256.5,1928.025833318287,1787.5754,328.4741666817131,468.924560546875
2024-09-25,2215.0,1877.8319525219877,1881.4537,337.16804747801234,333.5462646484375
2024-09-26,1629.0,1791.813136449988,1975.7588,-162.81313644998795,-346.7587890625
2024-09-27,1179.0,1556.7020400982362,1485.6218,-377.70204009823624,-306.621826171875
2024-09-28,1057.0,1250.010527500002,1250.9366,-193.0105275000019,-193.9366455078125
2024-09-30,1670.0,1682.2907464628156,1424.758,-12.290746462815605,245.241943359375
2024-10-01,1815.0,1749.1032786406931,2044.4989,65.89672135930687,-229.4989013671875
2024-10-02,1109.5,1509.9330480295816,1471.4768,-400.43304802958164,-361.976806640625
2024-10-03,1201.0,1598.3917969913423,1424.8943,-397.3917969913423,-223.894287109375
2024-10-04,1676.5,1385.8243246637808,1332.6064,290.67567533621923,343.8935546875
2024-10-05,2176.0,1163.3405262373758,1223.1986,1012.6594737626242,952.8013916015625
2024-10-07,1460.0,1731.3657033823486,1718.8856,-271.36570338234856,-258.8856201171875
2024-10-08,1816.0,1656.0243519955093,1544.6742,159.97564800449072,271.3258056640625
2024-10-09,2012.5,1511.3381941777293,1388.5618,501.1618058222707,623.938232421875
2024-10-10,2313.0,1731.2577816514683,1570.9742,581.7422183485317,742.0257568359375
2024-10-11,2340.0,1830.603625354257,2016.0142,509.396374645743,323.98583984375
2024-10-12,563.0,1285.100447616523,1264.4144,-722.1004476165231,-701.4144287109375
2024-10-14,3387.0,2335.436754449605,2462.3052,1051.563245550395,924.69482421875
2024-10-15,2157.5,2141.5187223717403,2213.9204,15.981277628259704,-56.42041015625
2024-10-16,2620.0,2063.00051374248,1529.4576,556.99948625752,1090.5423583984375
2024-10-17,1435.0,1882.480648494945,1611.2686,-447.48064849494494,-176.2685546875
2024-10-18,1305.0,2027.9360333414381,1966.5326,-722.9360333414381,-661.5325927734375
2024-10-19,659.5,1278.0346189126994,1110.9828,-618.5346189126994,-451.4827880859375
2024-10-21,1082.5,1898.4794726010102,1692.8784,-815.9794726010102,-610.37841796875
2024-10-22,1456.5,1710.3163414406708,1648.308,-253.81634144067084,-191.8079833984375
2024-10-23,2031.0,1536.9384063850646,1481.7565,494.0615936149354,549.2435302734375
2024-10-24,1882.0,1490.6728432936518,1357.8406,391.3271567063482,524.159423828125
2024-10-25,1191.5,1478.4614442455877,1542.121,-286.9614442455877,-350.6209716796875
2024-10-26,1630.5,973.7886667686206,1154.1943,656.7113332313794,476.3056640625
2024-10-28,1713.5,1663.4657097637455,1451.9426,50.03429023625449,261.557373046875
2024-10-29,1643.5,1662.627603547346,2044.3953,-19.127603547346098,-400.895263671875
2024-10-30,628.0,1840.4627749869546,1688.8221,-1212.4627749869546,-1060.8221435546875
2024-10-31,395.0,1307.9780474224658,1485.6582,-912.9780474224658,-1090.658203125
2024-11-01,2732.0,1535.8403856413597,1766.9076,1196.1596143586403,965.0924072265625
2024-11-04,861.0,1623.817886982296,1743.2211,-762.8178869822959,-882.2210693359375
2024-11-05,2037.0,1552.3081758191258,1520.8247,484.69182418087416,516.17529296875
2024-11-06,1296.5,1434.1626372087362,1604.6556,-137.66263720873621,-308.1556396484375
2024-11-07,890.0,1362.1611120817518,1238.9054,-472.16111208175175,-348.9053955078125
2024-11-08,758.0,1380.1953812925958,1509.6226,-622.1953812925958,-751.62255859375
2024-11-09,2073.5,1236.36935778072,1400.2549,837.1306422192799,673.2451171875
2024-11-11,1378.0,1555.1460389588738,1689.7488,-177.14603895887376,-311.748779296875
2024-11-12,1333.5,1489.2329211070046,1221.2882,-155.7329211070046,112.2117919921875
2024-11-13,776.5,1313.3465801709951,1072.8197,-536.8465801709951,-296.3197021484375
2024-11-14,1720.0,1268.5681449055935,1241.328,451.4318550944065,478.6719970703125
2024-11-15,2103.0,1596.1687523071923,1548.3076,506.83124769280766,554.6923828125
2024-11-16,1748.5,1283.249377279277,1457.3999,465.25062272072296,291.10009765625
2024-11-18,1487.0,1776.271542647463,1728.7745,-289.2715426474631,-241.7745361328125
2024-11-19,2058.5,1836.0725004719727,1857.0803,222.42749952802728,201.419677734375
2024-11-20,1922.0,1758.004899951387,1821.2383,163.99510004861304,100.76171875
2024-11-21,1545.0,1843.1625483880562,1933.8958,-298.16254838805617,-388.895751953125
2024-11-22,1475.75,1722.138293011445,1829.7725,-246.38829301144506,-354.0224609375
2024-11-23,1223.0,1273.9754628385224,1321.6351,-50.97546283852239,-98.6351318359375
2024-11-25,1827.5,1905.051327835999,2077.0076,-77.55132783599902,-249.507568359375
2024-11-26,869.0,1820.3875108225109,1755.5265,-951.3875108225109,-886.5264892578125
2024-11-27,923.5,1278.681607430238,1206.6317,-355.18160743023805,-283.1317138671875
2024-11-28,981.5,1175.8549456029534,1213.3179,-194.35494560295342,-231.81787109375
2024-11-29,1183.0,1210.5542420370748,1388.3296,-27.5542420370748,-205.32958984375
2024-11-30,787.0,921.9426093736256,1228.4143,-134.9426093736256,-441.414306640625
2024-12-02,1572.0,1700.1637478933835,1964.8722,-128.16374789338352,-392.8721923828125
2024-12-03,1242.0,1554.7470775555,1535.1942,-312.7470775555,-293.1942138671875
2024-12-04,2094.0,1334.8599641905885,1479.0765,759.1400358094115,614.9234619140625
2024-12-05,1526.0,1362.0757640699312,1620.9171,163.9242359300688,-94.9171142578125
2024-12-06,3138.0,1641.0124489148634,1756.175,1496.9875510851366,1381.824951171875
2024-12-07,1942.0,1436.2634515725672,1426.3633,505.7365484274328,515.63671875
2024-12-09,2685.0,2133.9802583702967,2422.907,551.0197416297033,262.093017578125
2024-12-10,1607.0,2010.1358205371284,1907.7269,-403.13582053712844,-300.7269287109375
2024-12-11,1093.0,1876.0419986588397,1896.19,-783.0419986588397,-803.18994140625
2024-12-12,1030.0,2041.6349127280496,1711.4498,-1011.6349127280496,-681.4498291015625
2024-12-13,2171.0,2083.6339625179826,2116.4988,87.36603748201742,54.501220703125
2024-12-14,322.0,1308.5964920372128,1563.5707,-986.5964920372128,-1241.5706787109375
2024-12-16,2358.0,1923.5366928933845,1928.476,434.4633071066155,429.5240478515625
2024-12-17,3132.75,1672.0410536609545,1687.6855,1460.7089463390455,1445.064453125
2024-12-18,1140.5,1636.640942576535,1524.7816,-496.14094257653505,-384.2816162109375
2024-12-19,1096.0,1612.69687340793,1540.9344,-516.6968734079301,-444.9344482421875
2024-12-20,2303.0,1950.1611973488186,1945.0226,352.83880265118137,357.9774169921875
2024-12-21,3407.5,1422.3667556691921,1496.2467,1985.1332443308079,1911.2532958984375
2024-12-23,1224.0,2239.212212508824,2545.318,-1015.212212508824,-1321.318115234375
2024-12-24,427.5,1910.0037254985575,1800.9902,-1482.5037254985575,-1373.490234375
2024-12-26,1221.0,1832.298931571374,2101.207,-611.2989315713739,-880.20703125
2024-12-27,1134.5,1624.4176343832862,1451.4541,-489.9176343832862,-316.9541015625
2024-12-28,1123.0,1267.748548418887,1415.2072,-144.7485484188869,-292.2071533203125
2024-12-30,2675.0,1996.736632232213,2019.8853,678.263367767787,655.11474609375
2024-12-31,855.0,1553.326924744477,1587.2009,-698.3269247444771,-732.200927734375
2025-01-02,2154.0,1322.0095075651016,1192.8171,831.9904924348984,961.182861328125
2025-01-03,2389.0,1711.1810534631475,1566.9943,677.8189465368525,822.0057373046875
2025-01-04,1654.0,1383.8950934390623,1853.5028,270.1049065609377,-199.5028076171875
2025-01-06,2708.0,2221.192406823898,2362.3457,486.8075931761018,345.654296875
2025-01-07,1519.0,2200.217796697858,2514.7583,-681.2177966978579,-995.75830078125
2025-01-08,2011.0,2021.2931234896762,1972.236,-10.29312348967619,38.7640380859375
2025-01-09,1799.0,1903.1548118936614,1810.5486,-104.15481189366142,-11.548583984375
2025-01-10,2632.5,2011.017600641136,1856.6602,621.4823993588641,775.83984375
2025-01-11,2267.0,1514.4296048759018,1718.3385,752.5703951240982,548.6614990234375
2025-01-13,2299.0,2076.907424795094,2352.623,222.0925752049061,-53.623046875
2025-01-14,1302.0,2225.38367315619,2374.721,-923.3836731561901,-1072.720947265625
2025-01-15,2655.5,2249.0858558232353,2507.9175,406.4141441767647,147.58251953125
2025-01-16,1825.5,1855.458433020383,1778.235,-29.958433020382927,47.2650146484375
2025-01-17,3583.0,2596.5257080193687,2482.0298,986.4742919806313,1100.97021484375
2025-01-18,913.0,1557.9367041287055,1351.9042,-644.9367041287055,-438.9041748046875
2025-01-20,1905.0,2251.256623468445,2446.7527,-346.256623468445,-541.752685546875
2025-01-21,2431.0,2237.0989409776357,2373.153,193.90105902236428,57.846923828125
2025-01-23,3869.0,2787.9346977525242,3466.329,1081.0653022474758,402.6708984375
2025-01-24,1679.0,2613.6999196639463,2626.1545,-934.6999196639463,-947.154541015625
2025-01-25,355.0,1572.599536239816,1496.8833,-1217.599536239816,-1141.88330078125
2025-01-27,1454.0,2198.7173988898317,2323.668,-744.7173988898317,-869.66796875
2025-01-28,840.0,2212.1164139943385,2099.4744,-1372.1164139943385,-1259.474365234375
2025-01-29,1334.0,1800.0008427320447,1995.5397,-466.0008427320447,-661.5396728515625
2025-01-30,891.0,1569.120162718116,1453.0778,-678.120162718116,-562.0777587890625
2025-01-31,1051.5,1234.6455012392055,1458.1711,-183.1455012392055,-406.671142578125
2025-02-01,1216.5,897.2736045349657,1290.8835,319.22639546503433,-74.383544921875
2025-02-03,2583.0,2094.1118935705404,2016.1072,488.88810642945964,566.892822265625
2025-02-04,2397.0,2177.140053398822,2324.5215,219.85994660117785,72.478515625
2025-02-05,2566.5,1828.243750189423,1971.846,738.256249810577,594.654052734375
2025-02-06,1040.0,1621.9097338238994,1442.9001,-581.9097338238994,-402.900146484375
2025-02-07,1695.0,1946.7871482215573,1690.2994,-251.78714822155735,4.7005615234375
2025-02-08,3241.0,1487.3620367316025,1721.8607,1753.6379632683975,1519.1392822265625
2025-02-10,2830.5,2420.7949745167084,2551.0896,409.7050254832916,279.410400390625
2025-02-11,2372.0,2863.705282433844,2636.1504,-491.7052824338439,-264.150390625
2025-02-12,2331.5,2490.313946187448,2558.2334,-158.81394618744798,-226.7333984375
2025-02-13,3484.5,2472.3213936574357,2496.9985,1012.1786063425643,987.50146484375
2025-02-14,2691.5,2639.5133740432907,2778.5537,51.986625956709304,-87.0537109375
2025-02-15,1914.0,1903.0519999453334,2462.6416,10.948000054666636,-548.6416015625
2025-02-17,1770.0,2457.2199881685533,2990.9397,-687.2199881685533,-1220.939697265625
2025-02-18,1533.5,2512.0132754534916,3155.97,-978.5132754534916,-1622.469970703125
2025-02-19,1619.0,2168.0477285428688,2289.4155,-549.0477285428688,-670.41552734375
2025-02-20,2260.0,2280.4647506935535,2627.796,-20.46475069355347,-367.7958984375
2025-02-21,1812.5,1962.9017629755106,2075.3262,-150.40176297551056,-262.826171875
2025-02-22,1176.0,1191.8618035394047,1757.243,-15.861803539404718,-581.2430419921875
2025-02-24,1817.5,2313.4286684995554,2226.9172,-495.92866849955544,-409.417236328125
2025-02-25,1917.0,2148.282775249028,2276.509,-231.28277524902796,-359.509033203125
2025-02-26,1212.0,1761.1428308785657,1735.0476,-549.1428308785657,-523.047607421875
2025-02-27,1225.5,1587.1016776477968,1351.0457,-361.6016776477968,-125.545654296875
2025-02-28,1054.0,1548.6105754372295,1405.7075,-494.6105754372295,-351.70751953125
2025-03-01,726.5,942.2282981881177,1424.7982,-215.72829818811772,-698.2982177734375
2025-03-05,2345.5,1731.7913359330553,1732.3418,613.7086640669447,613.158203125
2025-03-06,2045.5,1662.273042017869,1532.4082,383.2269579821309,513.091796875
2025-03-07,1974.0,1605.4479597166155,1443.3752,368.5520402833845,530.624755859375
2025-03-08,1287.0,947.9331579625932,1007.21375,339.0668420374068,279.7862548828125
2025-03-10,2261.92,2185.330787924964,2123.5742,76.5892120750359,138.34578125000007
2025-03-11,1983.0,1984.474609923008,2124.863,-1.4746099230080745,-141.863037109375
2025-03-12,1747.5900000000001,1926.8220823398794,1966.0079,-179.2320823398793,-218.41793457031235
2025-03-13,1812.5,1963.002183685314,1912.9133,-150.5021836853141,-100.413330078125
2025-03-14,2936.0,1853.24500556035,1777.1624,1082.75499443965,1158.837646484375
2025-03-15,1006.0,1201.068629119825,1058.5272,-195.0686291198249,-52.5272216796875
2025-03-17,1748.0,2223.958929441282,2116.9587,-475.9589294412822,-368.958740234375
2025-03-18,1346.0,2103.1330525569992,2126.9358,-757.1330525569992,-780.935791015625
2025-03-19,1223.0,1882.3869143228987,1843.8188,-659.3869143228987,-620.81884765625
2025-03-20,1468.0,1415.5419730675435,1445.1953,52.458026932456505,22.8046875
2025-03-21,1503.5,1618.6378313908974,1652.9879,-115.13783139089742,-149.4879150390625
2025-03-22,1028.0,1005.8674742387619,1248.0372,22.13252576123807,-220.0372314453125
2025-03-24,1379.0,1990.6537196089464,2079.885,-611.6537196089464,-700.885009765625
2025-03-25,1984.25,1824.4198014586525,1834.914,159.8301985413475,149.3360595703125
2025-03-26,1311.5,1437.6503997322116,1293.5985,-126.15039973221155,17.9014892578125
2025-03-27,1650.0,1451.7082938613066,1410.7415,198.29170613869337,239.258544921875
2025-03-28,1644.0,1503.7999674108664,1489.4926,140.20003258913357,154.5074462890625
2025-03-29,687.0,954.1573656741035,648.9117,-267.1573656741035,38.08831787109375
2025-03-31,1922.5,2051.4011071974696,1890.252,-128.90110719746963,32.248046875
2025-04-01,2771.5,1829.1569959491617,1965.6726,942.3430040508383,805.827392578125
2025-04-02,1551.0,1649.1946893005336,1462.0698,-98.19468930053358,88.93017578125
2025-04-03,1021.0,1529.9833132049207,1335.2273,-508.9833132049207,-314.227294921875
2025-04-04,927.0,1475.7419786547935,1535.023,-548.7419786547935,-608.02294921875
2025-04-05,530.0,955.3209178898321,1122.6249,-425.3209178898321,-592.6248779296875
2025-04-07,2934.0,1891.2203616504046,2005.7622,1042.7796383495954,928.23779296875
2025-04-08,2881.5,1912.2239429854028,2063.1143,969.2760570145972,818.3857421875
2025-04-09,1726.5,1537.9547478959423,1548.5083,188.54525210405768,177.99169921875
2025-04-10,1642.0,1572.1010642084145,1527.4043,69.89893579158547,114.595703125
2025-04-11,2097.5,1795.1331204231374,1881.6866,302.36687957686263,215.8133544921875
2025-04-12,1265.0,1324.9195994535748,1630.6082,-59.91959945357485,-365.608154296875
2025-04-14,2545.5,2317.561587896992,2817.283,227.93841210300798,-271.782958984375
2025-04-15,1344.0,2232.026571382396,2066.124,-888.026571382396,-722.1240234375
2025-04-16,2449.0,2094.1240819710283,2112.28,354.8759180289717,336.719970703125
2025-04-17,1832.0,1719.2992224428212,1717.8333,112.70077755717875,114.166748046875
2025-04-19,1126.0,1371.104444868799,1349.7869,-245.10444486879896,-223.786865234375
2025-04-21,2268.0,2209.7192466023416,2418.7725,58.28075339765837,-150.7724609375
2025-04-22,1614.0,2067.6845422972624,1955.1066,-453.6845422972624,-341.1065673828125
2025-04-23,2704.0,2475.49140621645,2314.828,228.50859378355017,389.172119140625
2025-04-24,1493.0,1717.4590156088775,1673.4489,-224.4590156088775,-180.4488525390625
2025-04-25,1186.0,1815.5429827749026,1825.915,-629.5429827749026,-639.9150390625
2025-04-26,1425.0,1287.4698480563884,1077.009,137.5301519436116,347.990966796875
2025-04-28,2722.0,2124.608766349651,2062.4368,597.391233650349,659.563232421875
2025-04-29,3653.0,2063.989949804512,2122.9924,1589.010050195488,1530.007568359375
2025-04-30,2374.0,2173.776666265538,2042.753,200.2233337344619,331.2469482421875
2025-05-02,2921.0,2435.998464098969,2404.5242,485.0015359010308,516.475830078125
2025-05-03,1336.0,1464.9730854624809,1632.8225,-128.97308546248087,-296.822509765625
2025-05-05,2391.0,2388.019761780413,2409.7285,2.980238219587136,-18.728515625
2025-05-06,3458.5,2946.5170563197626,3198.5598,511.98294368023744,259.940185546875
2025-05-07,752.0,2711.423150911781,2674.7097,-1959.4231509117808,-1922.709716796875
2025-05-08,2731.0,3267.924309231227,3666.8628,-536.9243092312272,-935.86279296875
2025-05-09,1752.0,2165.4675069214945,2463.2192,-413.46750692149453,-711.21923828125
2025-05-10,3358.0,1481.500648519868,1536.5294,1876.499351480132,1821.4705810546875
2025-05-12,1080.0,2366.153757769477,2506.2673,-1286.1537577694771,-1426.267333984375
2025-05-13,2739.0,3270.33664587607,3093.0767,-531.3366458760702,-354.07666015625
2025-05-14,1737.5,2036.6009418517747,1972.9329,-299.1009418517747,-235.432861328125
2025-05-15,1732.0,2090.5036897244254,2436.9878,-358.5036897244254,-704.98779296875
2025-05-16,2086.0,2158.6330522327635,2069.7688,-72.63305223276348,16.231201171875
2025-05-17,1421.0,1284.1165375846942,1420.941,136.88346241530576,0.0589599609375
2025-05-19,1913.0,1985.3679999770786,1866.0026,-72.36799997707863,46.9974365234375
2025-05-20,1342.0,1991.366846792043,1994.5757,-649.3668467920429,-652.57568359375
2025-05-21,1607.0,1821.1720492648478,2029.4708,-214.17204926484783,-422.4708251953125
2025-05-22,1919.0,1787.153374332556,1986.6807,131.84662566744396,-67.6806640625
2025-05-23,2025.0,1510.8028904228547,1618.7927,514.1971095771453,406.207275390625
2025-05-24,1726.0,1238.0642053538684,1191.4309,487.9357946461316,534.569091796875
2025-05-26,1686.0,1824.3827442396512,1866.8367,-138.38274423965117,-180.836669921875
2025-05-27,635.0,1870.441156217737,1962.2438,-1235.441156217737,-1327.2437744140625
2025-05-28,1460.0,1545.591082498565,1576.0519,-85.5910824985649,-116.0518798828125
2025-05-29,1070.0,1828.1549366137065,1788.1022,-758.1549366137065,-718.1021728515625
2025-05-30,914.5,1300.154740399379,1128.5594,-385.6547403993791,-214.0594482421875
2025-05-31,771.0,879.2776625595513,946.6178,-108.27766255955135,-175.6177978515625
2025-06-02,1114.0,1697.7434265014977,1893.8562,-583.7434265014977,-779.856201171875
2025-06-03,1882.0,1627.1965514279057,1705.1814,254.80344857209434,176.818603515625
2025-06-04,1432.0,1366.9597150973464,1568.585,65.04028490265364,-136.5849609375
2025-06-05,1507.5,1212.501573145854,1214.3107,294.9984268541459,293.1893310546875
2025-06-06,2606.5,1652.0811457661218,1767.7065,954.4188542338782,838.79345703125
2025-06-09,1862.0,1756.3882584015469,1960.4075,105.61174159845314,-98.407470703125
2025-06-10,1880.0,1795.4926061896438,2021.7701,84.50739381035623,-141.7701416015625
2025-06-11,2628.0,1926.7196058573093,1867.7156,701.2803941426907,760.284423828125
2025-06-12,1819.75,1835.3250219638142,1908.5068,-15.575021963814152,-88.7568359375
2025-06-13,1954.0,2118.9786025088247,2056.703,-164.97860250882468,-102.702880859375
2025-06-14,2298.5,1559.1050703009764,1814.935,739.3949296990236,483.56494140625
2025-06-16,3430.0,2871.3937400651735,2817.5989,558.6062599348265,612.401123046875
2025-06-17,2870.0,2603.599666874792,2300.2834,266.4003331252079,569.716552734375
2025-06-18,2973.0,2844.3011660439533,2961.9932,128.69883395604666,11.0068359375
2025-06-20,2221.5,2553.6069212687016,2498.238,-332.1069212687016,-276.738037109375
2025-06-21,1076.0,1488.2675715966807,1859.5498,-412.2675715966807,-783.5498046875
2025-06-23,2951.0,3042.607094491065,3404.0598,-91.6070944910648,-453.059814453125
2025-06-24,2854.0,2621.5213529955868,2755.8708,232.47864700441323,98.129150390625
2025-06-25,1616.0,2582.6586717064306,2273.473,-966.6586717064306,-657.472900390625
2025-06-26,2331.5,2709.152895396272,2427.8596,-377.652895396272,-96.359619140625
2025-06-27,2271.0,2338.2969723487627,2354.3047,-67.29697234876267,-83.3046875
2025-06-28,2878.0,1549.973961771451,2040.831,1328.026038228549,837.1689453125
2025-06-30,2966.5,2369.0700571146326,2025.8436,597.4299428853674,940.6563720703125
2025-07-01,2381.0,2720.891397279306,2713.5571,-339.89139727930615,-332.55712890625
2025-07-02,1791.5,2765.206912219405,2631.9316,-973.7069122194048,-840.431640625
2025-07-03,1832.0,2702.9620121544012,2998.1135,-870.9620121544012,-1166.113525390625
2025-07-04,3999.5,2607.0028030691014,2747.141,1392.4971969308986,1252.35888671875
2025-07-05,1203.5,1665.6647138295598,1752.7646,-462.1647138295598,-549.2646484375
2025-07-07,2432.0,2799.1233570614104,2781.6145,-367.1233570614104,-349.614501953125
2025-07-08,2780.5,2741.9377025198187,2872.2307,38.562297480181314,-91.730712890625
2025-07-09,2076.0,2769.3625860057014,2917.4888,-693.3625860057014,-841.48876953125
2025-07-10,2583.0,2518.020578960238,2538.7786,64.9794210397622,44.221435546875
2025-07-11,1943.5,2423.242446303255,2333.0586,-479.74244630325484,-389.55859375
2025-07-12,1552.0,1212.9996174906205,1023.8785,339.0003825093795,528.1215209960938
2025-07-14,3782.0,2745.558773993177,3379.995,1036.441226006823,402.0048828125
2025-07-15,3493.5,2565.54485434704,2496.3706,927.9551456529598,997.12939453125
2025-07-16,2495.0,2624.1740094473303,2528.1018,-129.17400944733026,-33.101806640625
2025-07-17,2753.4,2826.375730814321,2918.619,-72.97573081432074,-165.2188964843749
2025-07-18,2882.0,2557.5929385836994,2351.18,324.4070614163006,530.820068359375
2025-07-19,1156.5,1390.7784156569546,1457.9093,-234.27841565695462,-301.4093017578125
2025-07-21,2019.0,2951.5230749926213,3251.8767,-932.5230749926213,-1232.876708984375
2025-07-22,2417.5,2593.1944261457934,2954.4531,-175.6944261457934,-536.953125
2025-07-23,1736.5,2305.5169682870396,2270.81,-569.0169682870396,-534.31005859375
2025-07-24,3148.6,2612.894564602064,2537.0562,535.7054353979361,611.5438476562499
2025-07-25,3757.5,2574.325188878255,2490.8704,1183.1748111217448,1266.629638671875
2025-07-26,1067.9,1619.910116571816,1635.3624,-552.0101165718158,-567.4624267578124
2025-07-28,3571.75,2782.5627477929297,2835.037,789.1872522070703,736.712890625
2025-07-29,1506.0,2320.9312182353424,2211.6602,-814.9312182353424,-705.66015625
2025-07-30,1538.0,2363.2809349321797,2086.901,-825.2809349321797,-548.90087890625
2025-07-31,1691.0,2474.266976948498,2445.92,-783.2669769484978,-754.919921875
2025-08-01,2049.0,2484.9137135066926,2432.0322,-435.9137135066926,-383.0322265625
2025-08-02,1486.5,1119.2199942151187,1259.008,367.28000578488127,227.491943359375
2025-08-04,2257.0,2171.508311735067,2185.6853,85.49168826493315,71.314697265625
2025-08-05,1306.5,1603.5127474830172,1802.175,-297.01274748301716,-495.675048828125
2025-08-08,1493.0,1492.3819036486843,1530.0277,0.6180963513156712,-37.0277099609375
2025-08-09,1817.5,1232.8709154509945,1231.0997,584.6290845490055,586.4002685546875
2025-08-11,1085.0,1666.3392778130753,1468.5162,-581.3392778130753,-383.5162353515625
2025-08-12,2946.75,1949.8109699957267,1993.0297,996.9390300042733,953.7203369140625
2025-08-13,1937.0,1813.9643444027083,1850.1543,123.03565559729168,86.845703125
2025-08-14,2498.0,1807.166979023477,1699.1438,690.8330209765229,798.856201171875
2025-08-15,2942.0,2028.1790545357246,2112.4724,913.8209454642754,829.527587890625
2025-08-16,846.5,1334.017650714507,1197.1118,-487.517650714507,-350.61181640625
2025-08-18,1619.5,2151.4800611458563,2046.1448,-531.9800611458563,-426.644775390625
